[
  { "country": "대한민국", "city_kr": "서울특별시", "city_en": "Seoul", "regionId": 3120 },
  { "country": "대한민국", "city_kr": "부산광역시", "city_en": "Busan", "regionId": 3008 },
  { "country": "대한민국", "city_kr": "제주시", "city_en": "Jeju City", "regionId": 6349040 },
  { "country": "대한민국", "city_kr": "서귀포시", "city_en": "Seogwipo", "regionId": 6349053 },
  { "country": "대한민국", "city_kr": "인천광역시", "city_en": "Incheon", "regionId": 3121 },
  { "country": "대한민국", "city_kr": "대구광역시", "city_en": "Daegu", "regionId": 3123 },
  { "country": "대한민국", "city_kr": "광주광역시", "city_en": "Gwangju", "regionId": 3126 },
  { "country": "대한민국", "city_kr": "대전광역시", "city_en": "Daejeon", "regionId": 3125 },
  { "country": "대한민국", "city_kr": "울산광역시", "city_en": "Ulsan", "regionId": 3124 },
  { "country": "대한민국", "city_kr": "수원시", "city_en": "Suwon", "regionId": 3128 },
  { "country": "대한민국", "city_kr": "전주시", "city_en": "Jeonju", "regionId": 3129 },
  { "country": "대한민국", "city_kr": "강릉시", "city_en": "Gangneung", "regionId": 3133 },
  { "country": "대한민국", "city_kr": "속초시", "city_en": "Sokcho", "regionId": 3132 },
  { "country": "대한민국", "city_kr": "포항시", "city_en": "Pohang", "regionId": 3130 },
  { "country": "대한민국", "city_kr": "경주시", "city_en": "Gyeongju", "regionId": 3131 },
  { "country": "대한민국", "city_kr": "청주시", "city_en": "Cheongju", "regionId": 3134 },
  { "country": "대한민국", "city_kr": "춘천시", "city_en": "Chuncheon", "regionId": 3135 },
  { "country": "대한민국", "city_kr": "여수시", "city_en": "Yeosu", "regionId": 3136 },
  { "country": "대한민국", "city_kr": "목포시", "city_en": "Mokpo", "regionId": 3137 },
  { "country": "대한민국", "city_kr": "안동시", "city_en": "Andong", "regionId": 3138 },

  { "country": "일본", "city_kr": "도쿄", "city_en": "Tokyo", "regionId": 179900 },
  { "country": "일본", "city_kr": "오사카", "city_en": "Osaka", "regionId": 179875 },
  { "country": "일본", "city_kr": "교토", "city_en": "Kyoto", "regionId": 179897 },
  { "country": "일본", "city_kr": "삿포로", "city_en": "Sapporo", "regionId": 179862 },
  { "country": "일본", "city_kr": "후쿠오카", "city_en": "Fukuoka", "regionId": 179902 },

  { "country": "미국", "city_kr": "뉴욕", "city_en": "New York", "regionId": 178293 },
  { "country": "미국", "city_kr": "로스앤젤레스", "city_en": "Los Angeles", "regionId": 178280 },
  { "country": "미국", "city_kr": "라스베이거스", "city_en": "Las Vegas", "regionId": 178276 },
  { "country": "미국", "city_kr": "샌프란시스코", "city_en": "San Francisco", "regionId": 178305 },
  { "country": "미국", "city_kr": "시카고", "city_en": "Chicago", "regionId": 178248 },

  { "country": "프랑스", "city_kr": "파리", "city_en": "Paris", "regionId": 179898 },
  { "country": "영국", "city_kr": "런던", "city_en": "London", "regionId": 178279 },
  { "country": "이탈리아", "city_kr": "로마", "city_en": "Rome", "regionId": 178255 },
  { "country": "이탈리아", "city_kr": "베네치아", "city_en": "Venice", "regionId": 179984 },
  { "country": "스페인", "city_kr": "바르셀로나", "city_en": "Barcelona", "regionId": 179992 },

  { "country": "태국", "city_kr": "방콕", "city_en": "Bangkok", "regionId": 178236 },
  { "country": "태국", "city_kr": "푸켓", "city_en": "Phuket", "regionId": 2824 },
  { "country": "베트남", "city_kr": "하노이", "city_en": "Hanoi", "regionId": 178245 },
  { "country": "베트남", "city_kr": "호찌민시", "city_en": "Ho Chi Minh City", "regionId": 178262 },
  { "country": "인도네시아", "city_kr": "발리", "city_en": "Bali", "regionId": 602651 },
  { "country": "말레이시아", "city_kr": "쿠알라룸푸르", "city_en": "Kuala Lumpur", "regionId": 178284 },
  { "country": "싱가포르", "city_kr": "싱가포르", "city_en": "Singapore", "regionId": 1782931 },
  { "country": "필리핀", "city_kr": "마닐라", "city_en": "Manila", "regionId": 178282 },
  { "country": "호주", "city_kr": "시드니", "city_en": "Sydney", "regionId": 178312 },
  { "country": "캐나다", "city_kr": "밴쿠버", "city_en": "Vancouver", "regionId": 178315 },
  { "country": "캐나다", "city_kr": "토론토", "city_en": "Toronto", "regionId": 178314 },
  { "country": "중국", "city_kr": "상하이", "city_en": "Shanghai", "regionId": 1783052 },
  { "country": "중국", "city_kr": "베이징", "city_en": "Beijing", "regionId": 178584 }
]
